{"cameraMode":{"drawMode":0,"name":"Shaded","section":"Shading Mode"},"sceneLighting":true,"audioPlay":false,"sceneViewState":{"showFog":true,"showMaterialUpdate":false,"showSkybox":true,"showFlares":true,"showImageEffects":true,"showParticleSystems":true},"in2DMode":false,"pivot":{"x":-20.770431518554689,"y":-1.1206927299499512,"z":15.055248260498047},"rotation":{"x":0.06960615515708924,"y":0.9087386131286621,"z":-0.1684718132019043,"w":0.37545597553253176},"size":15.713807106018067,"orthographic":false}